{
  "cols": 2,
  "data": {
    "0": [
      0.31572659556004706,
      0.3984605979576452
    ],
    "1": [
      0.09814134455314205,
      0.08207894671715756
    ],
    "10": [
      0.7673410758659251,
      0.971113812352038
    ],
    "11": [
      0.3839136139131143,
      0.8135724168057659
    ],
    "12": [
      0.47049891510655895,
      0.672105398816748
    ],
    "13": [
      0.5566797454522442,
      0.8596552162635446
    ],
    "14": [
      0.6793790506372743,
      0.7134505232336413
    ],
    "15": [
      0.7621593918309617,
      0.8158856847404319
    ],
    "16": [
      0.901775535353684,
      0.7786305419670541
    ],
    "17": [
      0.7143364123672444,
      0.10310968633088155
    ],
    "18": [
      0.830001771857366,
      0.3465712244641666
    ],
    "19": [
      0.6382191575543467,
      0.24694441039066398
    ],
    "2": [
      0.0,
      0.258971669912051
    ],
    "20": [
      0.5135177335671509,
      0.4987899452232646
    ],
    "21": [
      0.6596596947267628,
      0.3848281898245053
    ],
    "22": [
      1.0,
      0.4577042294460016
    ],
    "23": [
      0.680310401806615,
      0.5456408371268054
    ],
    "24": [
      0.8377866636523378,
      0.5145315871696192
    ],
    "25": [
      0.9636729170367929,
      0.2892799448447911
    ],
    "26": [
      0.8400205819930083,
      0.1685854721581197
    ],
    "3": [
      0.12822912250735458,
      0.33365929236984687
    ],
    "4": [
      0.14172243333795434,
      0.4921308313524334
    ],
    "5": [
      0.3690266374699051,
      0.2518452163055895
    ],
    "6": [
      0.2496871775042099,
      0.0
    ],
    "7": [
      0.2254546529130422,
      0.19384386065761539
    ],
    "8": [
      0.3947956385099108,
      0.08041603648741258
    ],
    "9": [
      0.616033590200134,
      1.0
    ]
  }
}
