{
  "cols": 2,
  "data": {
    "0": [
      0.19976000342743852,
      0.8548350165238983
    ],
    "1": [
      0.5522256653827793,
      0.8832057224226852
    ],
    "10": [
      0.9678284923893951,
      0.18558724188224957
    ],
    "11": [
      0.3347697382039785,
      0.6666951878954065
    ],
    "12": [
      0.3197732324465933,
      0.9067913406359908
    ],
    "13": [
      0.45327002873422034,
      0.8407964239819776
    ],
    "14": [
      1.0,
      0.35253033498502495
    ],
    "15": [
      0.9442322408986481,
      0.28688375216347173
    ],
    "16": [
      0.2808399230178438,
      1.0
    ],
    "17": [
      0.26110023132942556,
      0.7637784577933979
    ],
    "18": [
      0.5083319158151546,
      0.7211048764643089
    ],
    "19": [
      0.27786566256984807,
      0.8471128558544196
    ],
    "2": [
      0.386486758913439,
      0.9699397022154246
    ],
    "20": [
      0.36084458347980247,
      0.8419691029928302
    ],
    "21": [
      0.43675866184125933,
      0.16448959720590978
    ],
    "22": [
      0.47854804799497624,
      0.33252157509407504
    ],
    "23": [
      0.1802299974733107,
      0.14589073020513557
    ],
    "24": [
      0.5748923635089878,
      0.27121680226158906
    ],
    "25": [
      0.7524007006925587,
      0.4563314046365241
    ],
    "26": [
      0.6615490757187381,
      0.4723968865655661
    ],
    "27": [
      0.6034642971022326,
      0.3911940087216478
    ],
    "28": [
      0.6845302362835637,
      0.3602685895163065
    ],
    "29": [
      0.23377666682493106,
      0.31754093363817665
    ],
    "3": [
      0.6311269595125159,
      0.8141326344397504
    ],
    "30": [
      0.8129633002090486,
      0.29588238054047117
    ],
    "31": [
      0.8010488026636974,
      0.25003583368344034
    ],
    "32": [
      0.7578302716865383,
      0.11901179092160455
    ],
    "33": [
      0.16562539290779296,
      0.0
    ],
    "34": [
      0.11679428368764969,
      0.2789092962837002
    ],
    "35": [
      0.3035339282393375,
      0.1907209613796433
    ],
    "36": [
      0.5765053045869123,
      0.1598667682683756
    ],
    "37": [
      0.8348318665536489,
      0.1290871744396199
    ],
    "38": [
      0.2135746395960675,
      0.20178986693055984
    ],
    "39": [
      0.10822265293669522,
      0.1322778545485434
    ],
    "4": [
      0.8083159113943434,
      0.637678614885747
    ],
    "40": [
      0.3970282933377419,
      0.2530988738154733
    ],
    "41": [
      0.2650721898247729,
      0.0348874159063145
    ],
    "42": [
      0.2330246782325417,
      0.0832024089619979
    ],
    "43": [
      0.48362288435704737,
      0.5552465776779294
    ],
    "44": [
      0.11501834567220326,
      0.6563985718412143
    ],
    "45": [
      0.5430992362218541,
      0.529688913754194
    ],
    "46": [
      0.7523777702581204,
      0.5813501042702506
    ],
    "47": [
      0.6306913810499621,
      0.6446336091954197
    ],
    "48": [
      0.6531257454226581,
      0.597828690623856
    ],
    "49": [
      0.6999684700398033,
      0.6733250318045885
    ],
    "5": [
      0.7176355795814504,
      0.8751118332661142
    ],
    "50": [
      0.13227790819670968,
      0.5241038739765349
    ],
    "51": [
      0.8677415992166676,
      0.42358980376979277
    ],
    "52": [
      0.9520391375739875,
      0.37790645680283785
    ],
    "53": [
      0.039399662062944756,
      0.5952451321808201
    ],
    "54": [
      0.0,
      0.5268787730589549
    ],
    "55": [
      0.29199390914794376,
      0.5262596504101377
    ],
    "56": [
      0.9179325322588073,
      0.49461403146053956
    ],
    "57": [
      0.8875424197286432,
      0.2677192566804985
    ],
    "58": [
      0.04448673961558342,
      0.41190529436119433
    ],
    "59": [
      0.08064246431571159,
      0.4314609884038659
    ],
    "6": [
      0.820020055028712,
      0.7500573154617394
    ],
    "60": [
      0.4012928482488459,
      0.43662255938322136
    ],
    "61": [
      0.15295746853774733,
      0.4639498664648984
    ],
    "62": [
      0.1719574119433204,
      0.6007576426344183
    ],
    "7": [
      0.764028794646744,
      0.7713046454885708
    ],
    "8": [
      0.3939061748432227,
      0.7057699289997823
    ],
    "9": [
      0.914273595408319,
      0.10266041623890551
    ]
  }
}
