{
  "cols": 13,
  "data": {
    "0": [
      -8.938398361206055,
      7.392279148101807,
      2.9185774326324463,
      -2.5832977294921875,
      -5.73619270324707,
      -8.362417221069336,
      -5.343379974365234,
      -5.5321526527404785,
      -10.292665481567383,
      -5.6815385818481445,
      1.4137749671936035,
      -4.424688339233398,
      7.779025554656982
    ],
    "1": [
      23.751691818237305,
      -9.150846481323242,
      -24.484832763671875,
      -26.4572811126709,
      -26.568498611450195,
      -15.805216789245605,
      -13.76292896270752,
      -4.579003810882568,
      -21.090347290039063,
      -17.443349838256836,
      3.0113205909729004,
      -9.435344696044922,
      -7.170280933380127
    ],
    "10": [
      22.233348846435547,
      -20.082521438598633,
      -17.774070739746094,
      -23.165889739990234,
      -27.85369873046875,
      -20.055688858032227,
      -26.153331756591797,
      -13.360579490661621,
      -10.699625015258789,
      7.907258987426758,
      14.419356346130371,
      6.290262699127197,
      25.35569953918457
    ],
    "11": [
      38.49390411376953,
      -11.387965202331543,
      -13.190382957458496,
      -20.725875854492188,
      -22.353967666625977,
      -16.299619674682617,
      -8.248675346374512,
      -5.705415725708008,
      -19.271451950073242,
      -5.623036861419678,
      0.3745725750923157,
      -18.651742935180664,
      -5.249200820922852
    ],
    "12": [
      21.1544132232666,
      -16.018451690673828,
      -17.831035614013672,
      -37.66722106933594,
      -31.449716567993164,
      -24.13483428955078,
      -24.952524185180664,
      -4.728843688964844,
      -8.930489540100098,
      7.4293389320373535,
      15.765475273132324,
      15.198290824890137,
      28.075515747070313
    ],
    "13": [
      6.349588394165039,
      -24.45902442932129,
      -8.962417602539063,
      -26.402877807617188,
      -39.542598724365234,
      -26.98836898803711,
      -13.240269660949707,
      5.751402378082275,
      -5.950916767120361,
      16.32357406616211,
      33.670284271240234,
      15.17216968536377,
      17.9619083404541
    ],
    "14": [
      0.8659777045249939,
      -26.581493377685547,
      -7.814899444580078,
      -28.88210678100586,
      -41.31716537475586,
      -26.102262496948242,
      -13.358516693115234,
      10.220220565795898,
      -4.680910587310791,
      15.649066925048828,
      26.524938583374023,
      16.55616569519043,
      21.362756729125977
    ],
    "15": [
      30.761869430541992,
      -8.39687728881836,
      -21.72544288635254,
      -23.70646095275879,
      -21.91397476196289,
      -15.235724449157715,
      -16.93047332763672,
      -14.678306579589844,
      -20.999698638916016,
      -9.011000633239746,
      0.11458160728216171,
      -13.25677490234375,
      -4.052796363830566
    ],
    "16": [
      42.955753326416016,
      -3.4501099586486816,
      -10.05544376373291,
      -0.27720025181770325,
      -8.248308181762695,
      -18.641788482666016,
      -37.26021194458008,
      -22.962507247924805,
      -8.397517204284668,
      -10.489923477172852,
      -9.427742958068848,
      -7.58192777633667,
      -1.611973524093628
    ],
    "17": [
      43.927276611328125,
      9.78195858001709,
      -3.9428000450134277,
      -3.8092262744903564,
      -18.494449615478516,
      -23.484542846679688,
      -29.462169647216797,
      -15.052209854125977,
      -9.252775192260742,
      -11.807785034179688,
      -6.02254056930542,
      -5.866757392883301,
      -8.341959953308105
    ],
    "18": [
      49.3464241027832,
      12.584148406982422,
      -3.323915719985962,
      -10.111504554748535,
      -19.58017349243164,
      -21.355024337768555,
      -33.527740478515625,
      -10.032027244567871,
      0.028579682111740112,
      -10.051408767700195,
      -4.151249408721924,
      6.271003723144531,
      5.683290004730225
    ],
    "19": [
      32.08863830566406,
      -6.673234939575195,
      -7.94327974319458,
      -21.918142318725586,
      -37.5803108215332,
      -27.766515731811523,
      -26.24833106994629,
      -5.300004482269287,
      -4.069141387939453,
      -7.058574199676514,
      2.2689690589904785,
      10.562761306762695,
      18.240922927856445
    ],
    "2": [
      24.664880752563477,
      -8.102315902709961,
      -15.930267333984375,
      -21.079715728759766,
      -29.364341735839844,
      -27.165769577026367,
      -15.61443042755127,
      -1.6642388105392456,
      -20.400070190429688,
      -15.430307388305664,
      6.7593278884887695,
      -7.951875686645508,
      4.48689079284668
    ],
    "20": [
      33.80742263793945,
      -3.9068315029144287,
      -4.595942497253418,
      -16.004751205444336,
      -31.673276901245117,
      -23.761037826538086,
      -23.685823440551758,
      -5.345181941986084,
      -4.702435493469238,
      -8.83847427368164,
      -0.37906384468078613,
      4.1829962730407715,
      6.839272975921631
    ],
    "21": [
      37.503753662109375,
      -0.34091615676879883,
      -4.161076068878174,
      -16.51377296447754,
      -30.50812339782715,
      -25.353897094726563,
      -28.06720733642578,
      -8.465005874633789,
      -5.659056663513184,
      -10.085454940795898,
      -0.5606955289840698,
      5.193309307098389,
      5.241440296173096
    ],
    "22": [
      31.984664916992188,
      -5.753232955932617,
      -9.123226165771484,
      -23.51799964904785,
      -31.91339874267578,
      -21.92237091064453,
      -26.42487335205078,
      -6.288137435913086,
      -3.259119987487793,
      -8.389965057373047,
      -0.5609372854232788,
      2.343169689178467,
      6.458077430725098
    ],
    "23": [
      57.24245071411133,
      17.589523315429688,
      2.5632107257843018,
      11.656608581542969,
      -6.268237113952637,
      -12.125070571899414,
      -12.004780769348145,
      -16.344331741333008,
      -19.43437385559082,
      -6.061082363128662,
      -11.354559898376465,
      -22.95290756225586,
      -11.712981224060059
    ],
    "24": [
      29.867504119873047,
      -10.055082321166992,
      -12.349120140075684,
      -25.493684768676758,
      -33.79072952270508,
      -20.392711639404297,
      -24.33026123046875,
      -8.67025089263916,
      1.884858250617981,
      4.029050827026367,
      10.3568115234375,
      19.358516693115234,
      18.272293090820313
    ],
    "25": [
      27.153213500976563,
      -10.22976303100586,
      -11.084023475646973,
      -21.631153106689453,
      -31.05364990234375,
      -21.06723976135254,
      -24.04313087463379,
      -5.415450096130371,
      1.8173344135284424,
      3.7372069358825684,
      15.111150741577148,
      22.221677780151367,
      14.344094276428223
    ],
    "26": [
      30.17808723449707,
      -8.904932022094727,
      -13.980186462402344,
      -9.358583450317383,
      -14.542865753173828,
      -16.91401481628418,
      -35.31100845336914,
      -15.501568794250488,
      9.3157958984375,
      11.975037574768066,
      12.823984146118164,
      18.092418670654297,
      15.05471420288086
    ],
    "27": [
      58.000308990478516,
      2.873439073562622,
      -23.01654815673828,
      -0.36710426211357117,
      -7.452411651611328,
      -14.857084274291992,
      -21.595211029052734,
      -13.300152778625488,
      -7.570499420166016,
      -6.149685859680176,
      -12.867868423461914,
      -16.68501091003418,
      -13.383452415466309
    ],
    "28": [
      59.191322326660156,
      2.451310873031616,
      -20.77069854736328,
      2.023728609085083,
      -2.9316813945770264,
      -15.360164642333984,
      -26.959060668945313,
      -17.685802459716797,
      -5.81024694442749,
      -2.614741802215576,
      -13.46121883392334,
      -20.12369155883789,
      -12.303335189819336
    ],