{
  "cols": 2,
  "data": {
    "0": [
      0.9019737365153513,
      0.17383092179114554
    ],
    "1": [
      0.675131759094622,
      0.04879309419212101
    ],
    "10": [
      0.27446042368422385,
      0.7091773452898351
    ],
    "11": [
      0.7954673378937469,
      0.09507963368454633
    ],
    "12": [
      0.17330391854279742,
      0.6206123271216059
    ],
    "13": [
      0.0,
      0.6209421848990097
    ],
    "14": [
      0.08368204255255213,
      0.5145503989224298
    ],
    "15": [
      0.7388920304706272,
      0.22423139645928883
    ],
    "16": [
      0.8061095167925113,
      0.9471196115966284
    ],
    "17": [
      0.7682300740902168,
      0.7683234076887586
    ],
    "18": [
      0.6614892258128136,
      0.9449242655076988
    ],
    "19": [
      0.4288417199764418,
      0.6290326101110915
    ],
    "2": [
      0.6065214874673752,
      0.17629626835344764
    ],
    "20": [
      0.5634368078212447,
      0.6549490141925283
    ],
    "21": [
      0.6065618494134684,
      0.7874957830662627
    ],
    "22": [
      0.49585774753093786,
      0.7732030082720277
    ],
    "23": [
      0.9926862910355518,
      0.5420523160663581
    ],
    "24": [
      0.3433718412473946,
      0.8130134375715111
    ],
    "25": [
      0.2659751320698904,
      0.8536341759722602
    ],
    "26": [
      0.3794970833177303,
      0.9938763052255075
    ],
    "27": [
      1.0,
      0.7397234279758396
    ],
    "28": [
      0.9118152719394843,
      0.778903341875659
    ],
    "29": [
      0.23958590301245336,
      1.0
    ],
    "3": [
      0.4362070239496526,
      0.363555168104952
    ],
    "30": [
      0.1100660758586895,
      0.9134643205136083
    ],
    "31": [
      0.8928365319035735,
      0.9165766484714383
    ],
    "32": [
      0.7399837576289795,
      0.4978160241064865
    ],
    "33": [
      0.7035045147164671,
      0.6054135508791121
    ],
    "34": [
      0.48583254855536095,
      0.4869432544944941
    ],
    "35": [
      0.5851028651671526,
      0.49853687292753995
    ],
    "36": [
      0.6317925451498936,
      0.38419068384404403
    ],
    "37": [
      0.5420502612377688,
      0.310224020563209
    ],
    "38": [
      0.8631355449895716,
      0.44469567971750856
    ],
    "39": [
      0.19634019789672838,
      0.38860081603261276
    ],
    "4": [
      0.39541210403627947,
      0.2530899307601401
    ],
    "40": [
      0.2647012413112051,
      0.5540485568407316
    ],
    "41": [
      0.9472032518406835,
      0.379731793516966
    ],
    "42": [
      0.2841469386641154,
      0.4396724665977147
    ],
    "43": [
      0.06156615773614852,
      0.7134264455513648
    ],
    "44": [
      0.8648284054275955,
      0.6492663976717371
    ],
    "5": [
      0.5300374972254641,
      0.0
    ],
    "6": [
      0.4734908307652502,
      0.13294804500237903
    ],
    "7": [
      0.3463757861978823,
      0.1262013846977517
    ],
    "8": [
      0.7986734376583807,
      0.3443398568418731
    ],
    "9": [
      0.17146499342440583,
      0.7850094786077016
    ]
  }
}
